payment_id,order_id,payment_date,payment_amount
1,55,2023-01-27,789
2,61,2023-06-08,997
3,93,2024-12-31,915
4,24,2024-04-21,817
5,51,2023-10-24,615
6,41,2023-05-21,210
7,66,2023-05-01,829
8,9,2024-07-15,205
9,97,2024-09-23,233
10,59,2023-09-22,934
11,56,2024-05-29,306
12,3,2023-10-04,408
13,90,2024-12-24,280
14,49,2023-11-13,489
15,83,2025-01-20,502
16,81,2024-12-21,195
17,43,2023-10-10,205
18,82,2023-08-07,797
19,74,2024-05-17,212
20,73,2024-06-14,793
21,75,2023-09-19,786
22,26,2023-09-04,682
23,63,2024-10-03,759
24,47,2023-03-02,477
25,60,2023-12-30,955
26,91,2024-03-30,409
27,46,2023-11-15,540
28,32,2025-01-11,398
29,85,2024-05-12,126
30,5,2024-05-26,823
31,79,2023-06-18,362
32,89,2023-08-23,331
33,69,2024-02-18,752
34,52,2024-01-22,619
35,94,2023-03-03,276
36,21,2023-12-12,659
37,17,2024-02-02,586
38,11,2025-01-24,890
39,25,2024-07-20,428
40,8,2024-08-11,93
41,58,2023-02-18,687
42,95,2024-08-31,68
43,36,2023-03-25,281
44,78,2024-11-20,144
45,48,2024-01-31,797
46,22,2024-03-24,949
47,44,2024-06-09,241
48,18,2024-03-15,86
49,70,2024-03-09,96
50,42,2023-06-18,850
51,76,2024-02-21,278
52,77,2024-11-17,472
53,54,2024-12-21,230
54,6,2023-05-15,349
55,99,2024-04-30,240
56,20,2024-06-02,294
57,96,2024-08-30,735
58,53,2023-07-06,716
59,30,2023-10-24,474
60,87,2024-08-08,742
61,10,2023-03-21,284
62,92,2023-01-29,845
63,72,2024-07-11,121
64,1,2024-10-30,760
65,86,2024-07-19,133
66,67,2025-01-01,999
67,2,2023-02-19,359
68,62,2023-03-26,671
69,14,2024-04-13,180
70,45,2024-12-25,937
71,39,2023-08-19,356
72,98,2024-02-21,358
73,88,2024-11-28,389
74,34,2023-09-25,291
75,35,2024-01-13,184
76,15,2024-11-03,737
77,50,2023-12-01,254
78,57,2023-12-08,398
79,33,2023-10-28,624
80,80,2024-07-20,244
